{"cameraMode":{"drawMode":0,"name":"Shaded","section":"Shading Mode"},"sceneLighting":true,"audioPlay":false,"sceneViewState":{"showFog":true,"showMaterialUpdate":false,"showSkybox":true,"showFlares":true,"showImageEffects":true,"showParticleSystems":true},"in2DMode":false,"pivot":{"x":-115.86432647705078,"y":26.639999389648439,"z":438.8694763183594},"rotation":{"x":-0.07100845128297806,"y":0.8971853256225586,"z":-0.15660442411899568,"w":-0.40680697560310366},"size":2.8578836917877199,"orthographic":false}